Codi_Districte;Nom_Districte;Codi_Barri;Nom_Barri;Seccio_Censal;codi_seccion_censal;average annual income brutto
1;Ciutat Vella;1;el Raval;1;1-1;15762
1;Ciutat Vella;1;el Raval;2;1-2;12735
1;Ciutat Vella;1;el Raval;3;1-3;11754
1;Ciutat Vella;1;el Raval;4;1-4;14967
1;Ciutat Vella;1;el Raval;5;1-5;12207
1;Ciutat Vella;1;el Raval;6;1-6;13500
1;Ciutat Vella;1;el Raval;7;1-7;12349
1;Ciutat Vella;1;el Raval;8;1-8;9541
1;Ciutat Vella;1;el Raval;9;1-9;12923
1;Ciutat Vella;1;el Raval;10;1-10;10751
1;Ciutat Vella;1;el Raval;11;1-11;10605
1;Ciutat Vella;1;el Raval;12;1-12;13750
1;Ciutat Vella;1;el Raval;13;1-13;13729
1;Ciutat Vella;1;el Raval;14;1-14;12924
1;Ciutat Vella;1;el Raval;15;1-15;13620
1;Ciutat Vella;1;el Raval;16;1-16;13039
1;Ciutat Vella;1;el Raval;17;1-17;10951
1;Ciutat Vella;1;el Raval;18;1-18;12703
1;Ciutat Vella;1;el Raval;19;1-19;12843
1;Ciutat Vella;1;el Raval;20;1-20;18962
1;Ciutat Vella;1;el Raval;21;1-21;19301
1;Ciutat Vella;2;el Barri Gòtic;22;2-22;25890
1;Ciutat Vella;2;el Barri Gòtic;23;2-23;20271
1;Ciutat Vella;2;el Barri Gòtic;25;2-25;19248
1;Ciutat Vella;2;el Barri Gòtic;26;2-26;20171
1;Ciutat Vella;2;el Barri Gòtic;27;2-27;17177
1;Ciutat Vella;2;el Barri Gòtic;28;2-28;19047
1;Ciutat Vella;2;el Barri Gòtic;29;2-29;15721
1;Ciutat Vella;2;el Barri Gòtic;30;2-30;15487
1;Ciutat Vella;2;el Barri Gòtic;31;2-31;15210
1;Ciutat Vella;3;la Barceloneta;32;3-32;19393
1;Ciutat Vella;3;la Barceloneta;33;3-33;16291
1;Ciutat Vella;3;la Barceloneta;34;3-34;16552
1;Ciutat Vella;3;la Barceloneta;35;3-35;16793
1;Ciutat Vella;3;la Barceloneta;36;3-36;17266
1;Ciutat Vella;3;la Barceloneta;37;3-37;18007
1;Ciutat Vella;3;la Barceloneta;38;3-38;15309
1;Ciutat Vella;3;la Barceloneta;39;3-39;17245
1;Ciutat Vella;3;la Barceloneta;40;3-40;18883
1;Ciutat Vella;3;la Barceloneta;41;3-41;16298
1;Ciutat Vella;3;la Barceloneta;42;3-42;18139
1;Ciutat Vella;4;Sant Pere, Santa Caterina i la Ribera;43;4-43;26174
1;Ciutat Vella;4;Sant Pere, Santa Caterina i la Ribera;44;4-44;20724
1;Ciutat Vella;4;Sant Pere, Santa Caterina i la Ribera;45;4-45;19579
1;Ciutat Vella;4;Sant Pere, Santa Caterina i la Ribera;46;4-46;18081
1;Ciutat Vella;4;Sant Pere, Santa Caterina i la Ribera;47;4-47;19871
1;Ciutat Vella;4;Sant Pere, Santa Caterina i la Ribera;48;4-48;14160
1;Ciutat Vella;4;Sant Pere, Santa Caterina i la Ribera;49;4-49;18511
1;Ciutat Vella;4;Sant Pere, Santa Caterina i la Ribera;50;4-50;17232
1;Ciutat Vella;4;Sant Pere, Santa Caterina i la Ribera;51;4-51;16824
1;Ciutat Vella;4;Sant Pere, Santa Caterina i la Ribera;52;4-52;25732
1;Ciutat Vella;4;Sant Pere, Santa Caterina i la Ribera;53;4-53;16900
1;Ciutat Vella;4;Sant Pere, Santa Caterina i la Ribera;54;4-54;18319
1;Ciutat Vella;4;Sant Pere, Santa Caterina i la Ribera;55;4-55;23618
2;L'Eixample;5;el Fort Pienc;1;5-1;23011
2;L'Eixample;5;el Fort Pienc;2;5-2;24086
2;L'Eixample;5;el Fort Pienc;3;5-3;27498
2;L'Eixample;5;el Fort Pienc;4;5-4;21121
2;L'Eixample;5;el Fort Pienc;5;5-5;26685
2;L'Eixample;5;el Fort Pienc;6;5-6;27757
2;L'Eixample;5;el Fort Pienc;7;5-7;30321
2;L'Eixample;5;el Fort Pienc;8;5-8;27088
2;L'Eixample;5;el Fort Pienc;9;5-9;25822
2;L'Eixample;5;el Fort Pienc;10;5-10;24094
2;L'Eixample;5;el Fort Pienc;11;5-11;25155
2;L'Eixample;5;el Fort Pienc;12;5-12;20518
2;L'Eixample;5;el Fort Pienc;13;5-13;21622
2;L'Eixample;5;el Fort Pienc;14;5-14;20184
2;L'Eixample;5;el Fort Pienc;15;5-15;20350
2;L'Eixample;5;el Fort Pienc;16;5-16;27195
2;L'Eixample;5;el Fort Pienc;17;5-17;27784
2;L'Eixample;5;el Fort Pienc;18;5-18;26862
2;L'Eixample;5;el Fort Pienc;19;5-19;24955
2;L'Eixample;5;el Fort Pienc;20;5-20;23414
2;L'Eixample;6;la Sagrada Família;21;6-21;23623
2;L'Eixample;6;la Sagrada Família;22;6-22;25005
2;L'Eixample;6;la Sagrada Família;23;6-23;24665
2;L'Eixample;6;la Sagrada Família;24;6-24;21972
2;L'Eixample;6;la Sagrada Família;25;6-25;22482
2;L'Eixample;6;la Sagrada Família;26;6-26;22994
2;L'Eixample;6;la Sagrada Família;27;6-27;23572
2;L'Eixample;6;la Sagrada Família;28;6-28;23563
2;L'Eixample;6;la Sagrada Família;29;6-29;24038
2;L'Eixample;6;la Sagrada Família;30;6-30;19288
2;L'Eixample;6;la Sagrada Família;31;6-31;25949
2;L'Eixample;6;la Sagrada Família;32;6-32;25692
2;L'Eixample;6;la Sagrada Família;33;6-33;23762
2;L'Eixample;6;la Sagrada Família;34;6-34;21721
2;L'Eixample;6;la Sagrada Família;35;6-35;25455
2;L'Eixample;6;la Sagrada Família;36;6-36;26492
2;L'Eixample;6;la Sagrada Família;37;6-37;28056
2;L'Eixample;6;la Sagrada Família;38;6-38;27039
2;L'Eixample;6;la Sagrada Família;39;6-39;23791
2;L'Eixample;6;la Sagrada Família;40;6-40;20837
2;L'Eixample;6;la Sagrada Família;41;6-41;23626
2;L'Eixample;6;la Sagrada Família;42;6-42;26790
2;L'Eixample;6;la Sagrada Família;43;6-43;25257
2;L'Eixample;6;la Sagrada Família;44;6-44;21278
2;L'Eixample;6;la Sagrada Família;45;6-45;26138
2;L'Eixample;6;la Sagrada Família;46;6-46;21392
2;L'Eixample;6;la Sagrada Família;47;6-47;23365
2;L'Eixample;6;la Sagrada Família;48;6-48;22908
2;L'Eixample;6;la Sagrada Família;49;6-49;22431
2;L'Eixample;6;la Sagrada Família;50;6-50;23585
2;L'Eixample;6;la Sagrada Família;51;6-51;20965
2;L'Eixample;6;la Sagrada Família;52;6-52;24950
2;L'Eixample;6;la Sagrada Família;53;6-53;25269
2;L'Eixample;6;la Sagrada Família;54;6-54;25043
2;L'Eixample;7;la Dreta de l'Eixample;55;7-55;26778
2;L'Eixample;7;la Dreta de l'Eixample;56;7-56;27462
2;L'Eixample;7;la Dreta de l'Eixample;57;7-57;34688
2;L'Eixample;7;la Dreta de l'Eixample;58;7-58;30993
2;L'Eixample;7;la Dreta de l'Eixample;59;7-59;32917
2;L'Eixample;7;la Dreta de l'Eixample;60;7-60;29036
2;L'Eixample;7;la Dreta de l'Eixample;61;7-61;26134
2;L'Eixample;7;la Dreta de l'Eixample;62;7-62;31943
2;L'Eixample;7;la Dreta de l'Eixample;63;7-63;39390
2;L'Eixample;7;la Dreta de l'Eixample;64;7-64;37317
2;L'Eixample;7;la Dreta de l'Eixample;65;7-65;27440
2;L'Eixample;7;la Dreta de l'Eixample;66;7-66;27631
2;L'Eixample;7;la Dreta de l'Eixample;67;7-67;24662
2;L'Eixample;7;la Dreta de l'Eixample;68;7-68;25887
2;L'Eixample;7;la Dreta de l'Eixample;69;7-69;30454
2;L'Eixample;7;la Dreta de l'Eixample;70;7-70;32815
2;L'Eixample;7;la Dreta de l'Eixample;71;7-71;34117
2;L'Eixample;7;la Dreta de l'Eixample;72;7-72;36808
2;L'Eixample;7;la Dreta de l'Eixample;73;7-73;32508
2;L'Eixample;7;la Dreta de l'Eixample;74;7-74;37107
2;L'Eixample;7;la Dreta de l'Eixample;75;7-75;31976
2;L'Eixample;7;la Dreta de l'Eixample;76;7-76;37473
2;L'Eixample;7;la Dreta de l'Eixample;77;7-77;30321
2;L'Eixample;7;la Dreta de l'Eixample;78;7-78;34806
2;L'Eixample;7;la Dreta de l'Eixample;79;7-79;41088
2;L'Eixample;7;la Dreta de l'Eixample;80;7-80;39119
2;L'Eixample;7;la Dreta de l'Eixample;81;7-81;37050
2;L'Eixample;7;la Dreta de l'Eixample;82;7-82;39934
2;L'Eixample;7;la Dreta de l'Eixample;83;7-83;41712
2;L'Eixample;8;l'Antiga Esquerra de l'Eixample;84;8-84;31801
2;L'Eixample;8;l'Antiga Esquerra de l'Eixample;85;8-85;32493
2;L'Eixample;8;l'Antiga Esquerra de l'Eixample;86;8-86;34530
2;L'Eixample;8;l'Antiga Esquerra de l'Eixample;87;8-87;31010
2;L'Eixample;8;l'Antiga Esquerra de l'Eixample;88;8-88;33755
2;L'Eixample;8;l'Antiga Esquerra de l'Eixample;89;8-89;31286
2;L'Eixample;8;l'Antiga Esquerra de l'Eixample;90;8-90;27743
2;L'Eixample;8;l'Antiga Esquerra de l'Eixample;91;8-91;28847
2;L'Eixample;8;l'Antiga Esquerra de l'Eixample;92;8-92;27949
2;L'Eixample;8;l'Antiga Esquerra de l'Eixample;93;8-93;28843
2;L'Eixample;8;l'Antiga Esquerra de l'Eixample;94;8-94;28317
2;L'Eixample;8;l'Antiga Esquerra de l'Eixample;95;8-95;28796
2;L'Eixample;8;l'Antiga Esquerra de l'Eixample;96;8-96;25695
2;L'Eixample;8;l'Antiga Esquerra de l'Eixample;97;8-97;26117
2;L'Eixample;8;l'Antiga Esquerra de l'Eixample;98;8-98;29715
2;L'Eixample;8;l'Antiga Esquerra de l'Eixample;99;8-99;31367
2;L'Eixample;8;l'Antiga Esquerra de l'Eixample;100;8-100;28751
2;L'Eixample;8;l'Antiga Esquerra de l'Eixample;101;8-101;28579
2;L'Eixample;8;l'Antiga Esquerra de l'Eixample;102;8-102;33880
2;L'Eixample;8;l'Antiga Esquerra de l'Eixample;103;8-103;23891
2;L'Eixample;8;l'Antiga Esquerra de l'Eixample;104;8-104;31025
2;L'Eixample;8;l'Antiga Esquerra de l'Eixample;105;8-105;25244
2;L'Eixample;8;l'Antiga Esquerra de l'Eixample;106;8-106;33670
2;L'Eixample;8;l'Antiga Esquerra de l'Eixample;107;8-107;35024
2;L'Eixample;8;l'Antiga Esquerra de l'Eixample;108;8-108;34772
2;L'Eixample;8;l'Antiga Esquerra de l'Eixample;109;8-109;36439
2;L'Eixample;9;la Nova Esquerra de l'Eixample;110;9-110;27447
2;L'Eixample;9;la Nova Esquerra de l'Eixample;111;9-111;27293
2;L'Eixample;9;la Nova Esquerra de l'Eixample;112;9-112;34517
2;L'Eixample;9;la Nova Esquerra de l'Eixample;113;9-113;34169
2;L'Eixample;9;la Nova Esquerra de l'Eixample;114;9-114;27574
2;L'Eixample;9;la Nova Esquerra de l'Eixample;115;9-115;25994
2;L'Eixample;9;la Nova Esquerra de l'Eixample;116;9-116;32132
2;L'Eixample;9;la Nova Esquerra de l'Eixample;117;9-117;26573
2;L'Eixample;9;la Nova Esquerra de l'Eixample;118;9-118;31716
2;L'Eixample;9;la Nova Esquerra de l'Eixample;119;9-119;29178
2;L'Eixample;9;la Nova Esquerra de l'Eixample;120;9-120;26208
2;L'Eixample;9;la Nova Esquerra de l'Eixample;121;9-121;30148
2;L'Eixample;9;la Nova Esquerra de l'Eixample;122;9-122;31010
2;L'Eixample;9;la Nova Esquerra de l'Eixample;123;9-123;26216
2;L'Eixample;9;la Nova Esquerra de l'Eixample;124;9-124;28136
2;L'Eixample;9;la Nova Esquerra de l'Eixample;125;9-125;27956
2;L'Eixample;9;la Nova Esquerra de l'Eixample;126;9-126;28947
2;L'Eixample;9;la Nova Esquerra de l'Eixample;127;9-127;25773
2;L'Eixample;9;la Nova Esquerra de l'Eixample;128;9-128;25170
2;L'Eixample;9;la Nova Esquerra de l'Eixample;129;9-129;25866
2;L'Eixample;9;la Nova Esquerra de l'Eixample;130;9-130;39434
2;L'Eixample;9;la Nova Esquerra de l'Eixample;131;9-131;26978
2;L'Eixample;9;la Nova Esquerra de l'Eixample;132;9-132;26999
2;L'Eixample;9;la Nova Esquerra de l'Eixample;133;9-133;26558
2;L'Eixample;9;la Nova Esquerra de l'Eixample;134;9-134;24769
2;L'Eixample;9;la Nova Esquerra de l'Eixample;135;9-135;23409
2;L'Eixample;9;la Nova Esquerra de l'Eixample;136;9-136;26117
2;L'Eixample;9;la Nova Esquerra de l'Eixample;137;9-137;23249
2;L'Eixample;9;la Nova Esquerra de l'Eixample;138;9-138;26566
2;L'Eixample;9;la Nova Esquerra de l'Eixample;139;9-139;25205
2;L'Eixample;9;la Nova Esquerra de l'Eixample;140;9-140;25971
2;L'Eixample;9;la Nova Esquerra de l'Eixample;141;9-141;24068
2;L'Eixample;9;la Nova Esquerra de l'Eixample;142;9-142;22522
2;L'Eixample;9;la Nova Esquerra de l'Eixample;143;9-143;25875
2;L'Eixample;9;la Nova Esquerra de l'Eixample;144;9-144;28459
2;L'Eixample;9;la Nova Esquerra de l'Eixample;145;9-145;25126
2;L'Eixample;9;la Nova Esquerra de l'Eixample;146;9-146;23944
2;L'Eixample;9;la Nova Esquerra de l'Eixample;147;9-147;23965
2;L'Eixample;9;la Nova Esquerra de l'Eixample;148;9-148;27374
2;L'Eixample;9;la Nova Esquerra de l'Eixample;149;9-149;24028
2;L'Eixample;10;Sant Antoni;150;10-150;21355
2;L'Eixample;10;Sant Antoni;151;10-151;25198
2;L'Eixample;10;Sant Antoni;152;10-152;26964
2;L'Eixample;10;Sant Antoni;153;10-153;26795
2;L'Eixample;10;Sant Antoni;154;10-154;21227
2;L'Eixample;10;Sant Antoni;155;10-155;22087
2;L'Eixample;10;Sant Antoni;156;10-156;25185
2;L'Eixample;10;Sant Antoni;157;10-157;22269
2;L'Eixample;10;Sant Antoni;158;10-158;23592
2;L'Eixample;10;Sant Antoni;159;10-159;24077
2;L'Eixample;10;Sant Antoni;160;10-160;27448
2;L'Eixample;10;Sant Antoni;161;10-161;24227
2;L'Eixample;10;Sant Antoni;162;10-162;21771
2;L'Eixample;10;Sant Antoni;163;10-163;26020
2;L'Eixample;10;Sant Antoni;164;10-164;24932
2;L'Eixample;10;Sant Antoni;165;10-165;25449
2;L'Eixample;10;Sant Antoni;166;10-166;23550
2;L'Eixample;10;Sant Antoni;167;10-167;24578
2;L'Eixample;10;Sant Antoni;168;10-168;23437
2;L'Eixample;10;Sant Antoni;169;10-169;24163
2;L'Eixample;10;Sant Antoni;170;10-170;24644
2;L'Eixample;10;Sant Antoni;171;10-171;20729
2;L'Eixample;10;Sant Antoni;172;10-172;21914
2;L'Eixample;10;Sant Antoni;173;10-173;23947
3;Sants-Montjuïc;11;el Poble Sec;1;11-1;19547
3;Sants-Montjuïc;11;el Poble Sec;2;11-2;17760
3;Sants-Montjuïc;11;el Poble Sec;3;11-3;16868
3;Sants-Montjuïc;11;el Poble Sec;4;11-4;20786
3;Sants-Montjuïc;11;el Poble Sec;5;11-5;18133
3;Sants-Montjuïc;11;el Poble Sec;6;11-6;18597
3;Sants-Montjuïc;11;el Poble Sec;7;11-7;17315
3;Sants-Montjuïc;11;el Poble Sec;8;11-8;17678
3;Sants-Montjuïc;11;el Poble Sec;9;11-9;18908
3;Sants-Montjuïc;11;el Poble Sec;10;11-10;16719
3;Sants-Montjuïc;11;el Poble Sec;11;11-11;14951
3;Sants-Montjuïc;11;el Poble Sec;12;11-12;17687
3;Sants-Montjuïc;11;el Poble Sec;13;11-13;16642
3;Sants-Montjuïc;11;el Poble Sec;14;11-14;16199
3;Sants-Montjuïc;11;el Poble Sec;15;11-15;17144
3;Sants-Montjuïc;11;el Poble Sec;16;11-16;16637
3;Sants-Montjuïc;11;el Poble Sec;17;11-17;15880
3;Sants-Montjuïc;11;el Poble Sec;18;11-18;17535
3;Sants-Montjuïc;11;el Poble Sec;19;11-19;16447
3;Sants-Montjuïc;11;el Poble Sec;20;11-20;19982
3;Sants-Montjuïc;11;el Poble Sec;21;11-21;20199
3;Sants-Montjuïc;11;el Poble Sec;22;11-22;19731
3;Sants-Montjuïc;11;el Poble Sec;23;11-23;16873
3;Sants-Montjuïc;11;el Poble Sec;24;11-24;17171
3;Sants-Montjuïc;12;la Marina del Prat Vermell;25;12-25;15055
3;Sants-Montjuïc;13;la Marina de Port;26;13-26;17470
3;Sants-Montjuïc;13;la Marina de Port;27;13-27;19200
3;Sants-Montjuïc;13;la Marina de Port;28;13-28;22089
3;Sants-Montjuïc;13;la Marina de Port;29;13-29;16505
3;Sants-Montjuïc;13;la Marina de Port;30;13-30;18371
3;Sants-Montjuïc;13;la Marina de Port;31;13-31;17134
3;Sants-Montjuïc;13;la Marina de Port;32;13-32;14963
3;Sants-Montjuïc;13;la Marina de Port;33;13-33;13425
3;Sants-Montjuïc;13;la Marina de Port;34;13-34;17158
3;Sants-Montjuïc;13;la Marina de Port;35;13-35;18563
3;Sants-Montjuïc;13;la Marina de Port;36;13-36;20671
3;Sants-Montjuïc;13;la Marina de Port;37;13-37;19899
3;Sants-Montjuïc;13;la Marina de Port;38;13-38;13843
3;Sants-Montjuïc;13;la Marina de Port;39;13-39;12954
3;Sants-Montjuïc;14;la Font de la Guatlla;40;14-40;23945
3;Sants-Montjuïc;14;la Font de la Guatlla;41;14-41;20171
3;Sants-Montjuïc;14;la Font de la Guatlla;42;14-42;20275
3;Sants-Montjuïc;14;la Font de la Guatlla;43;14-43;21552
3;Sants-Montjuïc;14;la Font de la Guatlla;44;14-44;19405
3;Sants-Montjuïc;14;la Font de la Guatlla;45;14-45;20850
3;Sants-Montjuïc;14;la Font de la Guatlla;46;14-46;25150
3;Sants-Montjuïc;15;Hostafrancs;47;15-47;19600
3;Sants-Montjuïc;15;Hostafrancs;48;15-48;26595
3;Sants-Montjuïc;15;Hostafrancs;49;15-49;21698
3;Sants-Montjuïc;15;Hostafrancs;50;15-50;22357
3;Sants-Montjuïc;15;Hostafrancs;51;15-51;17604
3;Sants-Montjuïc;15;Hostafrancs;52;15-52;19904
3;Sants-Montjuïc;15;Hostafrancs;53;15-53;18519
3;Sants-Montjuïc;15;Hostafrancs;54;15-54;22035
3;Sants-Montjuïc;15;Hostafrancs;55;15-55;20753
3;Sants-Montjuïc;15;Hostafrancs;56;15-56;19620
3;Sants-Montjuïc;16;la Bordeta;57;16-57;19893
3;Sants-Montjuïc;16;la Bordeta;58;16-58;27157
3;Sants-Montjuïc;16;la Bordeta;59;16-59;18868
3;Sants-Montjuïc;16;la Bordeta;60;16-60;23761
3;Sants-Montjuïc;16;la Bordeta;61;16-61;19775
3;Sants-Montjuïc;16;la Bordeta;62;16-62;20548
3;Sants-Montjuïc;16;la Bordeta;63;16-63;20503
3;Sants-Montjuïc;16;la Bordeta;64;16-64;21157
3;Sants-Montjuïc;16;la Bordeta;65;16-65;21070
3;Sants-Montjuïc;16;la Bordeta;66;16-66;18716
3;Sants-Montjuïc;16;la Bordeta;67;16-67;21010
3;Sants-Montjuïc;16;la Bordeta;68;16-68;17923
3;Sants-Montjuïc;16;la Bordeta;69;16-69;21786
3;Sants-Montjuïc;17;Sants-Badal;70;17-70;16985
3;Sants-Montjuïc;17;Sants-Badal;71;17-71;17476
3;Sants-Montjuïc;17;Sants-Badal;72;17-72;17923
3;Sants-Montjuïc;17;Sants-Badal;73;17-73;21379
3;Sants-Montjuïc;17;Sants-Badal;74;17-74;20307
3;Sants-Montjuïc;17;Sants-Badal;75;17-75;18511
3;Sants-Montjuïc;17;Sants-Badal;76;17-76;18892
3;Sants-Montjuïc;17;Sants-Badal;77;17-77;19163
3;Sants-Montjuïc;17;Sants-Badal;78;17-78;18022
3;Sants-Montjuïc;17;Sants-Badal;79;17-79;17732
3;Sants-Montjuïc;17;Sants-Badal;80;17-80;19637
3;Sants-Montjuïc;17;Sants-Badal;81;17-81;20423
3;Sants-Montjuïc;17;Sants-Badal;82;17-82;23798
3;Sants-Montjuïc;17;Sants-Badal;83;17-83;21688
3;Sants-Montjuïc;17;Sants-Badal;84;17-84;22128
3;Sants-Montjuïc;17;Sants-Badal;85;17-85;24986
3;Sants-Montjuïc;18;Sants;86;18-86;26917
3;Sants-Montjuïc;18;Sants;87;18-87;25194
3;Sants-Montjuïc;18;Sants;88;18-88;22320
3;Sants-Montjuïc;18;Sants;89;18-89;24038
3;Sants-Montjuïc;18;Sants;90;18-90;26706
3;Sants-Montjuïc;18;Sants;91;18-91;23336
3;Sants-Montjuïc;18;Sants;92;18-92;22360
3;Sants-Montjuïc;18;Sants;93;18-93;23569
3;Sants-Montjuïc;18;Sants;94;18-94;23934
3;Sants-Montjuïc;18;Sants;95;18-95;22333
3;Sants-Montjuïc;18;Sants;96;18-96;20123
3;Sants-Montjuïc;18;Sants;97;18-97;15941
3;Sants-Montjuïc;18;Sants;98;18-98;18280
3;Sants-Montjuïc;18;Sants;99;18-99;21404
3;Sants-Montjuïc;18;Sants;100;18-100;21270
3;Sants-Montjuïc;18;Sants;101;18-101;20727
3;Sants-Montjuïc;18;Sants;102;18-102;21483
3;Sants-Montjuïc;18;Sants;103;18-103;21307
3;Sants-Montjuïc;18;Sants;104;18-104;20715
3;Sants-Montjuïc;18;Sants;105;18-105;20275
3;Sants-Montjuïc;18;Sants;106;18-106;21842
3;Sants-Montjuïc;18;Sants;107;18-107;21764
3;Sants-Montjuïc;18;Sants;108;18-108;21303
3;Sants-Montjuïc;18;Sants;109;18-109;23119
3;Sants-Montjuïc;18;Sants;110;18-110;23548
3;Sants-Montjuïc;18;Sants;111;18-111;23956
3;Sants-Montjuïc;18;Sants;112;18-112;25604
3;Sants-Montjuïc;18;Sants;113;18-113;31772
3;Sants-Montjuïc;18;Sants;114;18-114;29123
3;Sants-Montjuïc;13;la Marina de Port;211;13-211;18715
3;Sants-Montjuïc;13;la Marina de Port;212;13-212;16986
3;Sants-Montjuïc;13;la Marina de Port;213;13-213;14248
4;Les Corts;19;les Corts;1;19-1;26007
4;Les Corts;19;les Corts;2;19-2;29015
4;Les Corts;19;les Corts;3;19-3;28212
4;Les Corts;19;les Corts;4;19-4;25937
4;Les Corts;19;les Corts;5;19-5;26008
4;Les Corts;19;les Corts;6;19-6;27373
4;Les Corts;19;les Corts;7;19-7;24205
4;Les Corts;19;les Corts;8;19-8;23482
4;Les Corts;19;les Corts;9;19-9;27247
4;Les Corts;19;les Corts;10;19-10;32564
4;Les Corts;19;les Corts;11;19-11;32461
4;Les Corts;19;les Corts;12;19-12;30291
4;Les Corts;19;les Corts;13;19-13;32866
4;Les Corts;19;les Corts;14;19-14;32203
4;Les Corts;19;les Corts;15;19-15;28558
4;Les Corts;19;les Corts;16;19-16;32510
4;Les Corts;19;les Corts;17;19-17;30912
4;Les Corts;19;les Corts;18;19-18;33169
4;Les Corts;19;les Corts;19;19-19;41043
4;Les Corts;19;les Corts;20;19-20;33533
4;Les Corts;19;les Corts;21;19-21;39884
4;Les Corts;19;les Corts;22;19-22;29698
4;Les Corts;19;les Corts;23;19-23;49971
4;Les Corts;19;les Corts;24;19-24;51091
4;Les Corts;19;les Corts;25;19-25;30472
4;Les Corts;19;les Corts;26;19-26;29867
4;Les Corts;19;les Corts;27;19-27;32833
4;Les Corts;19;les Corts;28;19-28;28760
4;Les Corts;19;les Corts;29;19-29;35916
4;Les Corts;19;les Corts;30;19-30;31658
4;Les Corts;19;les Corts;31;19-31;27265
4;Les Corts;19;les Corts;32;19-32;26014
4;Les Corts;19;les Corts;33;19-33;25570
4;Les Corts;19;les Corts;34;19-34;32877
4;Les Corts;19;les Corts;35;19-35;29520
4;Les Corts;20;la Maternitat i Sant Ramon;36;20-36;24691
4;Les Corts;20;la Maternitat i Sant Ramon;37;20-37;26285
4;Les Corts;20;la Maternitat i Sant Ramon;38;20-38;25410
4;Les Corts;20;la Maternitat i Sant Ramon;39;20-39;25576
4;Les Corts;20;la Maternitat i Sant Ramon;40;20-40;20239
4;Les Corts;20;la Maternitat i Sant Ramon;41;20-41;21382
4;Les Corts;20;la Maternitat i Sant Ramon;42;20-42;19819
4;Les Corts;20;la Maternitat i Sant Ramon;43;20-43;31554
4;Les Corts;20;la Maternitat i Sant Ramon;44;20-44;23112
4;Les Corts;20;la Maternitat i Sant Ramon;45;20-45;23185
4;Les Corts;20;la Maternitat i Sant Ramon;46;20-46;33925
4;Les Corts;20;la Maternitat i Sant Ramon;47;20-47;27781
4;Les Corts;20;la Maternitat i Sant Ramon;48;20-48;30680
4;Les Corts;20;la Maternitat i Sant Ramon;49;20-49;44227
4;Les Corts;21;Pedralbes;50;21-50;51091
4;Les Corts;21;Pedralbes;51;21-51;34641
4;Les Corts;21;Pedralbes;52;21-52;51091
4;Les Corts;21;Pedralbes;53;21-53;33518
4;Les Corts;21;Pedralbes;54;21-54;45890
4;Les Corts;21;Pedralbes;55;21-55;51091
4;Les Corts;21;Pedralbes;56;21-56;51091
4;Les Corts;20;la Maternitat i Sant Ramon;84;20-84;33140
5;Sarrià-Sant Gervasi;22;Vallvidrera, el Tibidabo i les Planes;1;22-1;23280
5;Sarrià-Sant Gervasi;22;Vallvidrera, el Tibidabo i les Planes;2;22-2;41172
5;Sarrià-Sant Gervasi;22;Vallvidrera, el Tibidabo i les Planes;3;22-3;38137
5;Sarrià-Sant Gervasi;23;Sarrià;4;23-4;51091
5;Sarrià-Sant Gervasi;23;Sarrià;5;23-5;40920
5;Sarrià-Sant Gervasi;23;Sarrià;6;23-6;51091
5;Sarrià-Sant Gervasi;23;Sarrià;7;23-7;43153
5;Sarrià-Sant Gervasi;23;Sarrià;8;23-8;51091
5;Sarrià-Sant Gervasi;23;Sarrià;9;23-9;36743
5;Sarrià-Sant Gervasi;23;Sarrià;10;23-10;33569
5;Sarrià-Sant Gervasi;23;Sarrià;11;23-11;38828
5;Sarrià-Sant Gervasi;23;Sarrià;12;23-12;34001
5;Sarrià-Sant Gervasi;23;Sarrià;13;23-13;38183
5;Sarrià-Sant Gervasi;23;Sarrià;14;23-14;45518
5;Sarrià-Sant Gervasi;23;Sarrià;15;23-15;36663
5;Sarrià-Sant Gervasi;23;Sarrià;16;23-16;29856
5;Sarrià-Sant Gervasi;23;Sarrià;17;23-17;51091
5;Sarrià-Sant Gervasi;23;Sarrià;18;23-18;34598
5;Sarrià-Sant Gervasi;23;Sarrià;19;23-19;46780
5;Sarrià-Sant Gervasi;24;les Tres Torres;20;24-20;46340
5;Sarrià-Sant Gervasi;24;les Tres Torres;21;24-21;51091
5;Sarrià-Sant Gervasi;24;les Tres Torres;22;24-22;51091
5;Sarrià-Sant Gervasi;24;les Tres Torres;23;24-23;30937
5;Sarrià-Sant Gervasi;24;les Tres Torres;24;24-24;51091
5;Sarrià-Sant Gervasi;24;les Tres Torres;25;24-25;51091
5;Sarrià-Sant Gervasi;24;les Tres Torres;26;24-26;51091
5;Sarrià-Sant Gervasi;24;les Tres Torres;27;24-27;51091
5;Sarrià-Sant Gervasi;24;les Tres Torres;28;24-28;50879
5;Sarrià-Sant Gervasi;24;les Tres Torres;29;24-29;51091
5;Sarrià-Sant Gervasi;24;les Tres Torres;30;24-30;51091
5;Sarrià-Sant Gervasi;25;Sant Gervasi- la Bonanova;31;25-31;51091
5;Sarrià-Sant Gervasi;25;Sant Gervasi- la Bonanova;32;25-32;51091
5;Sarrià-Sant Gervasi;25;Sant Gervasi- la Bonanova;33;25-33;48513
5;Sarrià-Sant Gervasi;25;Sant Gervasi- la Bonanova;34;25-34;37347
5;Sarrià-Sant Gervasi;25;Sant Gervasi- la Bonanova;35;25-35;51091
5;Sarrià-Sant Gervasi;25;Sant Gervasi- la Bonanova;36;25-36;47302
5;Sarrià-Sant Gervasi;25;Sant Gervasi- la Bonanova;37;25-37;33744
5;Sarrià-Sant Gervasi;25;Sant Gervasi- la Bonanova;38;25-38;31332
5;Sarrià-Sant Gervasi;25;Sant Gervasi- la Bonanova;39;25-39;43829
5;Sarrià-Sant Gervasi;25;Sant Gervasi- la Bonanova;40;25-40;31491
5;Sarrià-Sant Gervasi;25;Sant Gervasi- la Bonanova;41;25-41;36554
5;Sarrià-Sant Gervasi;25;Sant Gervasi- la Bonanova;42;25-42;36800
5;Sarrià-Sant Gervasi;25;Sant Gervasi- la Bonanova;43;25-43;32365
5;Sarrià-Sant Gervasi;25;Sant Gervasi- la Bonanova;44;25-44;32938
5;Sarrià-Sant Gervasi;25;Sant Gervasi- la Bonanova;45;25-45;43600
5;Sarrià-Sant Gervasi;25;Sant Gervasi- la Bonanova;46;25-46;51091
5;Sarrià-Sant Gervasi;25;Sant Gervasi- la Bonanova;47;25-47;46609
5;Sarrià-Sant Gervasi;25;Sant Gervasi- la Bonanova;48;25-48;47494
5;Sarrià-Sant Gervasi;26;Sant Gervasi- Galvany;49;26-49;51091
5;Sarrià-Sant Gervasi;26;Sant Gervasi- Galvany;50;26-50;40869
5;Sarrià-Sant Gervasi;26;Sant Gervasi- Galvany;51;26-51;48815
5;Sarrià-Sant Gervasi;26;Sant Gervasi- Galvany;52;26-52;51091
5;Sarrià-Sant Gervasi;26;Sant Gervasi- Galvany;53;26-53;51091
5;Sarrià-Sant Gervasi;26;Sant Gervasi- Galvany;54;26-54;51091
5;Sarrià-Sant Gervasi;26;Sant Gervasi- Galvany;55;26-55;51091
5;Sarrià-Sant Gervasi;26;Sant Gervasi- Galvany;56;26-56;47178
5;Sarrià-Sant Gervasi;26;Sant Gervasi- Galvany;57;26-57;51091
5;Sarrià-Sant Gervasi;26;Sant Gervasi- Galvany;58;26-58;51091
5;Sarrià-Sant Gervasi;26;Sant Gervasi- Galvany;59;26-59;51067
5;Sarrià-Sant Gervasi;26;Sant Gervasi- Galvany;60;26-60;51091
5;Sarrià-Sant Gervasi;26;Sant Gervasi- Galvany;61;26-61;36625
5;Sarrià-Sant Gervasi;26;Sant Gervasi- Galvany;62;26-62;45913
5;Sarrià-Sant Gervasi;26;Sant Gervasi- Galvany;63;26-63;46571
5;Sarrià-Sant Gervasi;26;Sant Gervasi- Galvany;64;26-64;43334
5;Sarrià-Sant Gervasi;26;Sant Gervasi- Galvany;65;26-65;35650
5;Sarrià-Sant Gervasi;26;Sant Gervasi- Galvany;66;26-66;45456
5;Sarrià-Sant Gervasi;26;Sant Gervasi- Galvany;67;26-67;40815
5;Sarrià-Sant Gervasi;26;Sant Gervasi- Galvany;68;26-68;38736
5;Sarrià-Sant Gervasi;26;Sant Gervasi- Galvany;69;26-69;35661
5;Sarrià-Sant Gervasi;26;Sant Gervasi- Galvany;70;26-70;33496
5;Sarrià-Sant Gervasi;26;Sant Gervasi- Galvany;71;26-71;32530
5;Sarrià-Sant Gervasi;26;Sant Gervasi- Galvany;72;26-72;38863
5;Sarrià-Sant Gervasi;26;Sant Gervasi- Galvany;73;26-73;33531
5;Sarrià-Sant Gervasi;26;Sant Gervasi- Galvany;74;26-74;40494
5;Sarrià-Sant Gervasi;26;Sant Gervasi- Galvany;75;26-75;35895
5;Sarrià-Sant Gervasi;26;Sant Gervasi- Galvany;76;26-76;36858
5;Sarrià-Sant Gervasi;26;Sant Gervasi- Galvany;77;26-77;41439
5;Sarrià-Sant Gervasi;26;Sant Gervasi- Galvany;78;26-78;42620
5;Sarrià-Sant Gervasi;26;Sant Gervasi- Galvany;79;26-79;35682
5;Sarrià-Sant Gervasi;27;el Putxet i el Farró;80;27-80;33396
5;Sarrià-Sant Gervasi;27;el Putxet i el Farró;81;27-81;31907
5;Sarrià-Sant Gervasi;27;el Putxet i el Farró;82;27-82;30115
5;Sarrià-Sant Gervasi;27;el Putxet i el Farró;83;27-83;30994
5;Sarrià-Sant Gervasi;27;el Putxet i el Farró;84;27-84;31268
5;Sarrià-Sant Gervasi;27;el Putxet i el Farró;85;27-85;27846
5;Sarrià-Sant Gervasi;27;el Putxet i el Farró;86;27-86;30724
5;Sarrià-Sant Gervasi;27;el Putxet i el Farró;87;27-87;31828
5;Sarrià-Sant Gervasi;27;el Putxet i el Farró;88;27-88;33196
5;Sarrià-Sant Gervasi;27;el Putxet i el Farró;89;27-89;33205
5;Sarrià-Sant Gervasi;27;el Putxet i el Farró;90;27-90;31365
5;Sarrià-Sant Gervasi;27;el Putxet i el Farró;91;27-91;30201
5;Sarrià-Sant Gervasi;27;el Putxet i el Farró;92;27-92;44247
5;Sarrià-Sant Gervasi;27;el Putxet i el Farró;93;27-93;35890
5;Sarrià-Sant Gervasi;27;el Putxet i el Farró;94;27-94;41154
5;Sarrià-Sant Gervasi;27;el Putxet i el Farró;95;27-95;29978
5;Sarrià-Sant Gervasi;27;el Putxet i el Farró;96;27-96;28530
5;Sarrià-Sant Gervasi;27;el Putxet i el Farró;97;27-97;33651
5;Sarrià-Sant Gervasi;27;el Putxet i el Farró;98;27-98;30125
6;Gràcia;28;Vallcarca i els Penitents;1;28-1;24112
6;Gràcia;28;Vallcarca i els Penitents;2;28-2;25543
6;Gràcia;28;Vallcarca i els Penitents;3;28-3;22448
6;Gràcia;28;Vallcarca i els Penitents;4;28-4;26350
6;Gràcia;28;Vallcarca i els Penitents;6;28-6;35090
6;Gràcia;28;Vallcarca i els Penitents;7;28-7;28706
6;Gràcia;28;Vallcarca i els Penitents;8;28-8;25499
6;Gràcia;28;Vallcarca i els Penitents;9;28-9;36654
6;Gràcia;28;Vallcarca i els Penitents;10;28-10;31390
6;Gràcia;28;Vallcarca i els Penitents;11;28-11;29748
6;Gràcia;28;Vallcarca i els Penitents;12;28-12;34335
6;Gràcia;29;el Coll;13;29-13;24534
6;Gràcia;29;el Coll;14;29-14;21211
6;Gràcia;29;el Coll;15;29-15;20602
6;Gràcia;29;el Coll;16;29-16;19409
6;Gràcia;29;el Coll;17;29-17;21213
6;Gràcia;30;la Salut;18;30-18;22832
6;Gràcia;30;la Salut;19;30-19;24374
6;Gràcia;30;la Salut;20;30-20;26023
6;Gràcia;30;la Salut;21;30-21;29347
6;Gràcia;30;la Salut;22;30-22;26564
6;Gràcia;30;la Salut;23;30-23;34656
6;Gràcia;30;la Salut;24;30-24;26029
6;Gràcia;30;la Salut;25;30-25;28558
6;Gràcia;30;la Salut;26;30-26;27160
6;Gràcia;30;la Salut;27;30-27;28199
6;Gràcia;31;la Vila de Gràcia;28;31-28;22448
6;Gràcia;31;la Vila de Gràcia;29;31-29;26794
6;Gràcia;31;la Vila de Gràcia;30;31-30;22882
6;Gràcia;31;la Vila de Gràcia;31;31-31;24947
6;Gràcia;31;la Vila de Gràcia;32;31-32;23769
6;Gràcia;31;la Vila de Gràcia;33;31-33;25136
6;Gràcia;31;la Vila de Gràcia;34;31-34;23729
6;Gràcia;31;la Vila de Gràcia;35;31-35;29748
6;Gràcia;31;la Vila de Gràcia;36;31-36;28351
6;Gràcia;31;la Vila de Gràcia;37;31-37;26818
6;Gràcia;31;la Vila de Gràcia;38;31-38;24383
6;Gràcia;31;la Vila de Gràcia;39;31-39;23965
6;Gràcia;31;la Vila de Gràcia;40;31-40;27566
6;Gràcia;31;la Vila de Gràcia;41;31-41;28538
6;Gràcia;31;la Vila de Gràcia;42;31-42;33231
6;Gràcia;31;la Vila de Gràcia;43;31-43;28634
6;Gràcia;31;la Vila de Gràcia;44;31-44;34813
6;Gràcia;31;la Vila de Gràcia;45;31-45;28071
6;Gràcia;31;la Vila de Gràcia;46;31-46;25221
6;Gràcia;31;la Vila de Gràcia;47;31-47;23597
6;Gràcia;31;la Vila de Gràcia;48;31-48;24142
6;Gràcia;31;la Vila de Gràcia;49;31-49;25660
6;Gràcia;31;la Vila de Gràcia;50;31-50;21824
6;Gràcia;31;la Vila de Gràcia;51;31-51;26137
6;Gràcia;31;la Vila de Gràcia;52;31-52;25333
6;Gràcia;31;la Vila de Gràcia;53;31-53;26050
6;Gràcia;31;la Vila de Gràcia;54;31-54;23143
6;Gràcia;31;la Vila de Gràcia;55;31-55;25779
6;Gràcia;31;la Vila de Gràcia;56;31-56;23951
6;Gràcia;31;la Vila de Gràcia;57;31-57;22592
6;Gràcia;31;la Vila de Gràcia;58;31-58;26948
6;Gràcia;31;la Vila de Gràcia;59;31-59;24070
6;Gràcia;31;la Vila de Gràcia;60;31-60;23347
6;Gràcia;31;la Vila de Gràcia;61;31-61;23140
6;Gràcia;31;la Vila de Gràcia;62;31-62;22383
6;Gràcia;31;la Vila de Gràcia;63;31-63;23647
6;Gràcia;32;el Camp d'en Grassot i Gràcia Nova;64;32-64;25817
6;Gràcia;32;el Camp d'en Grassot i Gràcia Nova;65;32-65;28141
6;Gràcia;32;el Camp d'en Grassot i Gràcia Nova;66;32-66;27399
6;Gràcia;32;el Camp d'en Grassot i Gràcia Nova;67;32-67;25224
6;Gràcia;32;el Camp d'en Grassot i Gràcia Nova;68;32-68;29222
6;Gràcia;32;el Camp d'en Grassot i Gràcia Nova;69;32-69;27160
6;Gràcia;32;el Camp d'en Grassot i Gràcia Nova;70;32-70;24682
6;Gràcia;32;el Camp d'en Grassot i Gràcia Nova;71;32-71;25883
6;Gràcia;32;el Camp d'en Grassot i Gràcia Nova;72;32-72;30883
6;Gràcia;32;el Camp d'en Grassot i Gràcia Nova;73;32-73;25050
6;Gràcia;32;el Camp d'en Grassot i Gràcia Nova;74;32-74;24698
6;Gràcia;32;el Camp d'en Grassot i Gràcia Nova;75;32-75;29311
6;Gràcia;32;el Camp d'en Grassot i Gràcia Nova;76;32-76;27282
6;Gràcia;32;el Camp d'en Grassot i Gràcia Nova;77;32-77;23345
6;Gràcia;32;el Camp d'en Grassot i Gràcia Nova;78;32-78;23626
6;Gràcia;32;el Camp d'en Grassot i Gràcia Nova;79;32-79;25824
6;Gràcia;32;el Camp d'en Grassot i Gràcia Nova;80;32-80;24555
6;Gràcia;32;el Camp d'en Grassot i Gràcia Nova;81;32-81;24739
6;Gràcia;32;el Camp d'en Grassot i Gràcia Nova;82;32-82;25569
6;Gràcia;32;el Camp d'en Grassot i Gràcia Nova;83;32-83;27487
6;Gràcia;32;el Camp d'en Grassot i Gràcia Nova;84;32-84;25025
6;Gràcia;32;el Camp d'en Grassot i Gràcia Nova;85;32-85;27088
6;Gràcia;32;el Camp d'en Grassot i Gràcia Nova;86;32-86;30979
6;Gràcia;32;el Camp d'en Grassot i Gràcia Nova;87;32-87;28941
6;Gràcia;32;el Camp d'en Grassot i Gràcia Nova;88;32-88;25224
7;Horta-Guinardó;33;el Baix Guinardó;1;33-1;26234
7;Horta-Guinardó;33;el Baix Guinardó;2;33-2;22676
7;Horta-Guinardó;33;el Baix Guinardó;3;33-3;24100
7;Horta-Guinardó;33;el Baix Guinardó;4;33-4;21379
7;Horta-Guinardó;33;el Baix Guinardó;5;33-5;22090
7;Horta-Guinardó;33;el Baix Guinardó;6;33-6;24458
7;Horta-Guinardó;33;el Baix Guinardó;7;33-7;21662
7;Horta-Guinardó;33;el Baix Guinardó;8;33-8;23181
7;Horta-Guinardó;33;el Baix Guinardó;9;33-9;21350
7;Horta-Guinardó;33;el Baix Guinardó;10;33-10;24998
7;Horta-Guinardó;33;el Baix Guinardó;11;33-11;21992
7;Horta-Guinardó;33;el Baix Guinardó;12;33-12;20964
7;Horta-Guinardó;33;el Baix Guinardó;13;33-13;24389
7;Horta-Guinardó;33;el Baix Guinardó;14;33-14;20029
7;Horta-Guinardó;33;el Baix Guinardó;15;33-15;21885
7;Horta-Guinardó;33;el Baix Guinardó;16;33-16;25400
7;Horta-Guinardó;33;el Baix Guinardó;17;33-17;21644
7;Horta-Guinardó;33;el Baix Guinardó;18;33-18;21506
7;Horta-Guinardó;33;el Baix Guinardó;19;33-19;22666
7;Horta-Guinardó;34;Can Baró;20;34-20;20887
7;Horta-Guinardó;34;Can Baró;21;34-21;25509
7;Horta-Guinardó;34;Can Baró;22;34-22;21654
7;Horta-Guinardó;34;Can Baró;23;34-23;18526
7;Horta-Guinardó;34;Can Baró;24;34-24;20424
7;Horta-Guinardó;34;Can Baró;25;34-25;19162
7;Horta-Guinardó;34;Can Baró;26;34-26;20283
7;Horta-Guinardó;35;el Guinardó;27;35-27;19270
7;Horta-Guinardó;35;el Guinardó;28;35-28;21419
7;Horta-Guinardó;35;el Guinardó;29;35-29;23532
7;Horta-Guinardó;35;el Guinardó;30;35-30;18830
7;Horta-Guinardó;35;el Guinardó;31;35-31;18315
7;Horta-Guinardó;35;el Guinardó;32;35-32;21330
7;Horta-Guinardó;35;el Guinardó;33;35-33;22252
7;Horta-Guinardó;35;el Guinardó;34;35-34;24876
7;Horta-Guinardó;35;el Guinardó;35;35-35;25033
7;Horta-Guinardó;35;el Guinardó;36;35-36;24919
7;Horta-Guinardó;35;el Guinardó;37;35-37;21285
7;Horta-Guinardó;35;el Guinardó;38;35-38;21260
7;Horta-Guinardó;35;el Guinardó;39;35-39;23316
7;Horta-Guinardó;35;el Guinardó;40;35-40;22324
7;Horta-Guinardó;35;el Guinardó;41;35-41;20236
7;Horta-Guinardó;35;el Guinardó;42;35-42;21832
7;Horta-Guinardó;35;el Guinardó;43;35-43;22331
7;Horta-Guinardó;35;el Guinardó;44;35-44;23356
7;Horta-Guinardó;35;el Guinardó;45;35-45;20475
7;Horta-Guinardó;35;el Guinardó;46;35-46;20597
7;Horta-Guinardó;35;el Guinardó;47;35-47;20448
7;Horta-Guinardó;35;el Guinardó;48;35-48;21713
7;Horta-Guinardó;35;el Guinardó;49;35-49;21177
7;Horta-Guinardó;35;el Guinardó;50;35-50;20631
7;Horta-Guinardó;35;el Guinardó;51;35-51;21212
7;Horta-Guinardó;36;la Font d'en Fargues;52;36-52;28463
7;Horta-Guinardó;36;la Font d'en Fargues;53;36-53;23759
7;Horta-Guinardó;36;la Font d'en Fargues;54;36-54;30670
7;Horta-Guinardó;36;la Font d'en Fargues;55;36-55;34358
7;Horta-Guinardó;36;la Font d'en Fargues;56;36-56;24521
7;Horta-Guinardó;36;la Font d'en Fargues;57;36-57;24831
7;Horta-Guinardó;36;la Font d'en Fargues;58;36-58;23291
7;Horta-Guinardó;37;el Carmel;59;37-59;16858
7;Horta-Guinardó;37;el Carmel;60;37-60;16458
7;Horta-Guinardó;37;el Carmel;61;37-61;17203
7;Horta-Guinardó;37;el Carmel;62;37-62;17070
7;Horta-Guinardó;37;el Carmel;63;37-63;14233
7;Horta-Guinardó;37;el Carmel;64;37-64;15075
7;Horta-Guinardó;37;el Carmel;65;37-65;13480
7;Horta-Guinardó;37;el Carmel;66;37-66;14227
7;Horta-Guinardó;37;el Carmel;67;37-67;14251
7;Horta-Guinardó;37;el Carmel;68;37-68;13496
7;Horta-Guinardó;37;el Carmel;69;37-69;14201
7;Horta-Guinardó;37;el Carmel;70;37-70;14733
7;Horta-Guinardó;37;el Carmel;71;37-71;17152
7;Horta-Guinardó;37;el Carmel;72;37-72;16508
7;Horta-Guinardó;37;el Carmel;73;37-73;14868
7;Horta-Guinardó;37;el Carmel;74;37-74;15250
7;Horta-Guinardó;37;el Carmel;75;37-75;14600
7;Horta-Guinardó;37;el Carmel;76;37-76;15261
7;Horta-Guinardó;37;el Carmel;77;37-77;14820
7;Horta-Guinardó;37;el Carmel;78;37-78;14962
7;Horta-Guinardó;37;el Carmel;79;37-79;14721
7;Horta-Guinardó;37;el Carmel;80;37-80;16114
7;Horta-Guinardó;38;la Teixonera;81;38-81;17815
7;Horta-Guinardó;38;la Teixonera;82;38-82;16529
7;Horta-Guinardó;38;la Teixonera;83;38-83;15662
7;Horta-Guinardó;38;la Teixonera;84;38-84;16456
7;Horta-Guinardó;38;la Teixonera;85;38-85;17516
7;Horta-Guinardó;38;la Teixonera;86;38-86;16250
7;Horta-Guinardó;38;la Teixonera;87;38-87;17808
7;Horta-Guinardó;38;la Teixonera;88;38-88;17319
7;Horta-Guinardó;39;Sant Genís dels Agudells;89;39-89;21134
7;Horta-Guinardó;39;Sant Genís dels Agudells;90;39-90;18174
7;Horta-Guinardó;39;Sant Genís dels Agudells;91;39-91;18855
7;Horta-Guinardó;39;Sant Genís dels Agudells;92;39-92;13779
7;Horta-Guinardó;39;Sant Genís dels Agudells;93;39-93;17601
7;Horta-Guinardó;40;Montbau;94;40-94;19859
7;Horta-Guinardó;40;Montbau;95;40-95;20165
7;Horta-Guinardó;40;Montbau;96;40-96;18321
7;Horta-Guinardó;40;Montbau;97;40-97;23509
7;Horta-Guinardó;41;la Vall d'Hebron;98;41-98;28787
7;Horta-Guinardó;41;la Vall d'Hebron;99;41-99;23736
7;Horta-Guinardó;41;la Vall d'Hebron;100;41-100;20626
7;Horta-Guinardó;41;la Vall d'Hebron;101;41-101;20947
7;Horta-Guinardó;42;la Clota;102;42-102;20317
7;Horta-Guinardó;43;Horta;103;43-103;19057
7;Horta-Guinardó;43;Horta;104;43-104;17479
7;Horta-Guinardó;43;Horta;105;43-105;22944
7;Horta-Guinardó;43;Horta;106;43-106;21664
7;Horta-Guinardó;43;Horta;107;43-107;25504
7;Horta-Guinardó;43;Horta;108;43-108;21738
7;Horta-Guinardó;43;Horta;109;43-109;17367
7;Horta-Guinardó;43;Horta;110;43-110;22394
7;Horta-Guinardó;43;Horta;111;43-111;25167
7;Horta-Guinardó;43;Horta;112;43-112;21981
7;Horta-Guinardó;43;Horta;113;43-113;18769
7;Horta-Guinardó;43;Horta;114;43-114;22695
7;Horta-Guinardó;43;Horta;115;43-115;26234
7;Horta-Guinardó;43;Horta;116;43-116;20606
7;Horta-Guinardó;43;Horta;117;43-117;22189
7;Horta-Guinardó;43;Horta;118;43-118;21929
7;Horta-Guinardó;43;Horta;119;43-119;18135
7;Horta-Guinardó;43;Horta;120;43-120;19183
7;Horta-Guinardó;43;Horta;121;43-121;16622
7;Horta-Guinardó;43;Horta;122;43-122;20376
7;Horta-Guinardó;43;Horta;123;43-123;22140
8;Nou Barris;44;Vilapicina i la Torre Llobeta;1;44-1;19409
8;Nou Barris;44;Vilapicina i la Torre Llobeta;2;44-2;21726
8;Nou Barris;44;Vilapicina i la Torre Llobeta;3;44-3;19286
8;Nou Barris;44;Vilapicina i la Torre Llobeta;4;44-4;17862
8;Nou Barris;44;Vilapicina i la Torre Llobeta;5;44-5;19835
8;Nou Barris;44;Vilapicina i la Torre Llobeta;6;44-6;19867
8;Nou Barris;44;Vilapicina i la Torre Llobeta;7;44-7;20862
8;Nou Barris;44;Vilapicina i la Torre Llobeta;8;44-8;20531
8;Nou Barris;44;Vilapicina i la Torre Llobeta;9;44-9;18178
8;Nou Barris;44;Vilapicina i la Torre Llobeta;10;44-10;22865
8;Nou Barris;44;Vilapicina i la Torre Llobeta;11;44-11;21402
8;Nou Barris;44;Vilapicina i la Torre Llobeta;12;44-12;20654
8;Nou Barris;44;Vilapicina i la Torre Llobeta;13;44-13;19387
8;Nou Barris;44;Vilapicina i la Torre Llobeta;14;44-14;17933
8;Nou Barris;44;Vilapicina i la Torre Llobeta;15;44-15;16797
8;Nou Barris;44;Vilapicina i la Torre Llobeta;16;44-16;19576
8;Nou Barris;44;Vilapicina i la Torre Llobeta;17;44-17;21408
8;Nou Barris;44;Vilapicina i la Torre Llobeta;18;44-18;19392
8;Nou Barris;44;Vilapicina i la Torre Llobeta;19;44-19;17452
8;Nou Barris;45;Porta;20;45-20;18659
8;Nou Barris;45;Porta;21;45-21;19773
8;Nou Barris;45;Porta;22;45-22;19438
8;Nou Barris;45;Porta;23;45-23;17102
8;Nou Barris;45;Porta;24;45-24;18493
8;Nou Barris;45;Porta;25;45-25;16073
8;Nou Barris;45;Porta;26;45-26;19417
8;Nou Barris;45;Porta;27;45-27;21275
8;Nou Barris;45;Porta;28;45-28;17267
8;Nou Barris;45;Porta;29;45-29;15390
8;Nou Barris;45;Porta;30;45-30;16911
8;Nou Barris;45;Porta;31;45-31;17879
8;Nou Barris;45;Porta;32;45-32;18518
8;Nou Barris;45;Porta;33;45-33;15025
8;Nou Barris;45;Porta;34;45-34;14471
8;Nou Barris;45;Porta;35;45-35;17365
8;Nou Barris;45;Porta;36;45-36;14065
8;Nou Barris;45;Porta;37;45-37;16275
8;Nou Barris;46;el Turó de la Peira;38;46-38;14978
8;Nou Barris;46;el Turó de la Peira;39;46-39;15974
8;Nou Barris;46;el Turó de la Peira;40;46-40;13621
8;Nou Barris;46;el Turó de la Peira;41;46-41;11345
8;Nou Barris;46;el Turó de la Peira;42;46-42;18449
8;Nou Barris;46;el Turó de la Peira;43;46-43;16848
8;Nou Barris;46;el Turó de la Peira;44;46-44;13570
8;Nou Barris;46;el Turó de la Peira;45;46-45;13571
8;Nou Barris;46;el Turó de la Peira;46;46-46;15219
8;Nou Barris;46;el Turó de la Peira;47;46-47;12594
8;Nou Barris;47;Can Peguera;48;47-48;11544
8;Nou Barris;47;Can Peguera;49;47-49;14780
8;Nou Barris;48;la Guineueta;50;48-50;22336
8;Nou Barris;48;la Guineueta;51;48-51;20331
8;Nou Barris;48;la Guineueta;52;48-52;18902
8;Nou Barris;48;la Guineueta;53;48-53;21398
8;Nou Barris;48;la Guineueta;54;48-54;18955
8;Nou Barris;48;la Guineueta;55;48-55;24293
8;Nou Barris;48;la Guineueta;56;48-56;17278
8;Nou Barris;48;la Guineueta;57;48-57;18283
8;Nou Barris;48;la Guineueta;58;48-58;16214
8;Nou Barris;48;la Guineueta;59;48-59;17594
8;Nou Barris;49;Canyelles;60;49-60;19684
8;Nou Barris;49;Canyelles;61;49-61;17072
8;Nou Barris;49;Canyelles;62;49-62;19190
8;Nou Barris;49;Canyelles;63;49-63;21744
8;Nou Barris;49;Canyelles;64;49-64;16194
8;Nou Barris;50;les Roquetes;65;50-65;12263
8;Nou Barris;50;les Roquetes;66;50-66;11410
8;Nou Barris;50;les Roquetes;67;50-67;14532
8;Nou Barris;50;les Roquetes;68;50-68;12272
8;Nou Barris;50;les Roquetes;69;50-69;12663
8;Nou Barris;50;les Roquetes;70;50-70;12306
8;Nou Barris;50;les Roquetes;71;50-71;13290
8;Nou Barris;50;les Roquetes;72;50-72;15116
8;Nou Barris;50;les Roquetes;73;50-73;11124
8;Nou Barris;50;les Roquetes;74;50-74;12384
8;Nou Barris;51;Verdun;75;51-75;14747
8;Nou Barris;51;Verdun;76;51-76;15339
8;Nou Barris;51;Verdun;77;51-77;12485
8;Nou Barris;51;Verdun;78;51-78;13538
8;Nou Barris;51;Verdun;79;51-79;13264
8;Nou Barris;51;Verdun;80;51-80;14413
8;Nou Barris;51;Verdun;81;51-81;12727
8;Nou Barris;51;Verdun;82;51-82;14764
8;Nou Barris;52;la Prosperitat;83;52-83;15045
8;Nou Barris;52;la Prosperitat;84;52-84;16393
8;Nou Barris;52;la Prosperitat;85;52-85;14908
8;Nou Barris;52;la Prosperitat;86;52-86;15631
8;Nou Barris;52;la Prosperitat;87;52-87;15808
8;Nou Barris;52;la Prosperitat;88;52-88;15209
8;Nou Barris;52;la Prosperitat;89;52-89;16188
8;Nou Barris;52;la Prosperitat;90;52-90;16561
8;Nou Barris;52;la Prosperitat;91;52-91;16060
8;Nou Barris;52;la Prosperitat;92;52-92;17283
8;Nou Barris;52;la Prosperitat;93;52-93;15466
8;Nou Barris;52;la Prosperitat;94;52-94;16509
8;Nou Barris;52;la Prosperitat;95;52-95;19741
8;Nou Barris;52;la Prosperitat;96;52-96;16413
8;Nou Barris;52;la Prosperitat;97;52-97;15506
8;Nou Barris;52;la Prosperitat;98;52-98;14651
8;Nou Barris;52;la Prosperitat;99;52-99;14698
8;Nou Barris;52;la Prosperitat;100;52-100;15137
8;Nou Barris;52;la Prosperitat;101;52-101;16394
8;Nou Barris;52;la Prosperitat;102;52-102;13393
8;Nou Barris;53;la Trinitat Nova;103;53-103;11024
8;Nou Barris;53;la Trinitat Nova;104;53-104;12794
8;Nou Barris;53;la Trinitat Nova;105;53-105;13069
8;Nou Barris;53;la Trinitat Nova;106;53-106;11991
8;Nou Barris;53;la Trinitat Nova;107;53-107;13140
8;Nou Barris;54;Torre Baró;108;54-108;11727
8;Nou Barris;54;Torre Baró;109;54-109;11369
8;Nou Barris;55;Ciutat Meridiana;110;55-110;9388
8;Nou Barris;55;Ciutat Meridiana;111;55-111;10137
8;Nou Barris;55;Ciutat Meridiana;112;55-112;10805
8;Nou Barris;55;Ciutat Meridiana;113;55-113;10367
8;Nou Barris;55;Ciutat Meridiana;114;55-114;11337
8;Nou Barris;55;Ciutat Meridiana;115;55-115;10955
8;Nou Barris;56;Vallbona;116;56-116;12195
8;Nou Barris;48;la Guineueta;215;48-215;19951
9;Sant Andreu;57;la Trinitat Vella;1;57-1;10047
9;Sant Andreu;57;la Trinitat Vella;2;57-2;11167
9;Sant Andreu;57;la Trinitat Vella;3;57-3;12049
9;Sant Andreu;57;la Trinitat Vella;4;57-4;12476
9;Sant Andreu;57;la Trinitat Vella;5;57-5;16648
9;Sant Andreu;58;Baró de Viver;6;58-6;12662
9;Sant Andreu;58;Baró de Viver;7;58-7;11895
9;Sant Andreu;59;el Bon Pastor;8;59-8;24884
9;Sant Andreu;59;el Bon Pastor;9;59-9;18382
9;Sant Andreu;59;el Bon Pastor;10;59-10;15905
9;Sant Andreu;59;el Bon Pastor;11;59-11;13532
9;Sant Andreu;59;el Bon Pastor;13;59-13;11227
9;Sant Andreu;59;el Bon Pastor;14;59-14;13484
9;Sant Andreu;59;el Bon Pastor;15;59-15;13568
9;Sant Andreu;60;Sant Andreu;16;60-16;20751
9;Sant Andreu;60;Sant Andreu;17;60-17;21379
9;Sant Andreu;60;Sant Andreu;18;60-18;20198
9;Sant Andreu;60;Sant Andreu;19;60-19;22852
9;Sant Andreu;60;Sant Andreu;20;60-20;22159
9;Sant Andreu;60;Sant Andreu;21;60-21;23246
9;Sant Andreu;60;Sant Andreu;22;60-22;24862
9;Sant Andreu;60;Sant Andreu;23;60-23;23627
9;Sant Andreu;60;Sant Andreu;24;60-24;23125
9;Sant Andreu;60;Sant Andreu;25;60-25;24239
9;Sant Andreu;60;Sant Andreu;26;60-26;24134
9;Sant Andreu;60;Sant Andreu;27;60-27;23038
9;Sant Andreu;60;Sant Andreu;28;60-28;26947
9;Sant Andreu;60;Sant Andreu;29;60-29;20759
9;Sant Andreu;60;Sant Andreu;30;60-30;22859
9;Sant Andreu;60;Sant Andreu;31;60-31;23763
9;Sant Andreu;60;Sant Andreu;32;60-32;17226
9;Sant Andreu;60;Sant Andreu;33;60-33;20480
9;Sant Andreu;60;Sant Andreu;34;60-34;17668
9;Sant Andreu;60;Sant Andreu;35;60-35;20783
9;Sant Andreu;60;Sant Andreu;36;60-36;21639
9;Sant Andreu;60;Sant Andreu;37;60-37;17613
9;Sant Andreu;60;Sant Andreu;38;60-38;22348
9;Sant Andreu;60;Sant Andreu;39;60-39;21541
9;Sant Andreu;60;Sant Andreu;40;60-40;23933
9;Sant Andreu;60;Sant Andreu;41;60-41;20542
9;Sant Andreu;60;Sant Andreu;42;60-42;23389
9;Sant Andreu;60;Sant Andreu;43;60-43;20485
9;Sant Andreu;60;Sant Andreu;44;60-44;22222
9;Sant Andreu;60;Sant Andreu;45;60-45;21795
9;Sant Andreu;60;Sant Andreu;46;60-46;24050
9;Sant Andreu;60;Sant Andreu;47;60-47;24117
9;Sant Andreu;60;Sant Andreu;48;60-48;21135
9;Sant Andreu;60;Sant Andreu;49;60-49;20254
9;Sant Andreu;60;Sant Andreu;50;60-50;22465
9;Sant Andreu;60;Sant Andreu;51;60-51;22979
9;Sant Andreu;60;Sant Andreu;52;60-52;21741
9;Sant Andreu;60;Sant Andreu;53;60-53;23877
9;Sant Andreu;60;Sant Andreu;54;60-54;23071
9;Sant Andreu;61;la Sagrera;55;61-55;16750
9;Sant Andreu;61;la Sagrera;56;61-56;21334
9;Sant Andreu;61;la Sagrera;57;61-57;19242
9;Sant Andreu;61;la Sagrera;58;61-58;22129
9;Sant Andreu;61;la Sagrera;59;61-59;21720
9;Sant Andreu;61;la Sagrera;60;61-60;19710
9;Sant Andreu;61;la Sagrera;61;61-61;23433
9;Sant Andreu;61;la Sagrera;62;61-62;22382
9;Sant Andreu;61;la Sagrera;63;61-63;24118
9;Sant Andreu;61;la Sagrera;64;61-64;21589
9;Sant Andreu;61;la Sagrera;65;61-65;19733
9;Sant Andreu;61;la Sagrera;66;61-66;23879
9;Sant Andreu;61;la Sagrera;67;61-67;18526
9;Sant Andreu;61;la Sagrera;68;61-68;21785
9;Sant Andreu;61;la Sagrera;69;61-69;20396
9;Sant Andreu;61;la Sagrera;70;61-70;14842
9;Sant Andreu;61;la Sagrera;71;61-71;18892
9;Sant Andreu;61;la Sagrera;72;61-72;16511
9;Sant Andreu;61;la Sagrera;73;61-73;21092
9;Sant Andreu;62;el Congrés i els Indians;74;62-74;19153
9;Sant Andreu;62;el Congrés i els Indians;75;62-75;18611
9;Sant Andreu;62;el Congrés i els Indians;76;62-76;19255
9;Sant Andreu;62;el Congrés i els Indians;77;62-77;20723
9;Sant Andreu;62;el Congrés i els Indians;78;62-78;21425
9;Sant Andreu;62;el Congrés i els Indians;79;62-79;21571
9;Sant Andreu;62;el Congrés i els Indians;80;62-80;21621
9;Sant Andreu;62;el Congrés i els Indians;81;62-81;20763
9;Sant Andreu;62;el Congrés i els Indians;82;62-82;20171
9;Sant Andreu;63;Navas;83;63-83;21312
9;Sant Andreu;63;Navas;84;63-84;23579
9;Sant Andreu;63;Navas;85;63-85;21511
9;Sant Andreu;63;Navas;86;63-86;20704
9;Sant Andreu;63;Navas;87;63-87;22819
9;Sant Andreu;63;Navas;88;63-88;19522
9;Sant Andreu;63;Navas;89;63-89;19640
9;Sant Andreu;63;Navas;90;63-90;19613
9;Sant Andreu;63;Navas;91;63-91;20773
9;Sant Andreu;63;Navas;92;63-92;21585
9;Sant Andreu;63;Navas;93;63-93;21408
9;Sant Andreu;63;Navas;94;63-94;21710
9;Sant Andreu;63;Navas;95;63-95;21858
9;Sant Andreu;61;la Sagrera;156;61-156;18916
10;Sant Martí;64;el Camp de l'Arpa del Clot;1;64-1;19175
10;Sant Martí;64;el Camp de l'Arpa del Clot;2;64-2;20782
10;Sant Martí;64;el Camp de l'Arpa del Clot;3;64-3;21847
10;Sant Martí;64;el Camp de l'Arpa del Clot;4;64-4;20833
10;Sant Martí;64;el Camp de l'Arpa del Clot;5;64-5;22277
10;Sant Martí;64;el Camp de l'Arpa del Clot;6;64-6;24732
10;Sant Martí;64;el Camp de l'Arpa del Clot;7;64-7;29749
10;Sant Martí;64;el Camp de l'Arpa del Clot;8;64-8;23073
10;Sant Martí;64;el Camp de l'Arpa del Clot;9;64-9;22957
10;Sant Martí;64;el Camp de l'Arpa del Clot;10;64-10;21364
10;Sant Martí;64;el Camp de l'Arpa del Clot;11;64-11;24531
10;Sant Martí;64;el Camp de l'Arpa del Clot;12;64-12;23473
10;Sant Martí;64;el Camp de l'Arpa del Clot;13;64-13;22785
10;Sant Martí;64;el Camp de l'Arpa del Clot;14;64-14;21960
10;Sant Martí;64;el Camp de l'Arpa del Clot;15;64-15;22133
10;Sant Martí;64;el Camp de l'Arpa del Clot;16;64-16;24066
10;Sant Martí;64;el Camp de l'Arpa del Clot;17;64-17;22292
10;Sant Martí;64;el Camp de l'Arpa del Clot;18;64-18;20252
10;Sant Martí;64;el Camp de l'Arpa del Clot;19;64-19;22051
10;Sant Martí;64;el Camp de l'Arpa del Clot;20;64-20;19545
10;Sant Martí;64;el Camp de l'Arpa del Clot;21;64-21;19596
10;Sant Martí;64;el Camp de l'Arpa del Clot;22;64-22;21849
10;Sant Martí;64;el Camp de l'Arpa del Clot;23;64-23;21334
10;Sant Martí;64;el Camp de l'Arpa del Clot;24;64-24;22602
10;Sant Martí;64;el Camp de l'Arpa del Clot;25;64-25;21159
10;Sant Martí;65;el Clot;26;65-26;24087
10;Sant Martí;65;el Clot;27;65-27;22136
10;Sant Martí;65;el Clot;28;65-28;20935
10;Sant Martí;65;el Clot;29;65-29;20668
10;Sant Martí;65;el Clot;30;65-30;20814
10;Sant Martí;65;el Clot;31;65-31;21391
10;Sant Martí;65;el Clot;32;65-32;23883
10;Sant Martí;65;el Clot;33;65-33;24747
10;Sant Martí;65;el Clot;34;65-34;20664
10;Sant Martí;65;el Clot;35;65-35;23849
10;Sant Martí;65;el Clot;36;65-36;24704
10;Sant Martí;65;el Clot;37;65-37;16553
10;Sant Martí;65;el Clot;38;65-38;22572
10;Sant Martí;65;el Clot;39;65-39;20269
10;Sant Martí;65;el Clot;40;65-40;21370
10;Sant Martí;65;el Clot;41;65-41;22314
10;Sant Martí;66;el Parc i la Llacuna del Poblenou;42;66-42;19894
10;Sant Martí;66;el Parc i la Llacuna del Poblenou;43;66-43;22970
10;Sant Martí;66;el Parc i la Llacuna del Poblenou;44;66-44;22907
10;Sant Martí;66;el Parc i la Llacuna del Poblenou;45;66-45;25743
10;Sant Martí;66;el Parc i la Llacuna del Poblenou;46;66-46;25210
10;Sant Martí;66;el Parc i la Llacuna del Poblenou;47;66-47;24891
10;Sant Martí;66;el Parc i la Llacuna del Poblenou;48;66-48;26834
10;Sant Martí;66;el Parc i la Llacuna del Poblenou;49;66-49;23225
10;Sant Martí;66;el Parc i la Llacuna del Poblenou;50;66-50;24829
10;Sant Martí;67;la Vila Olímpica del Poblenou;51;67-51;25429
10;Sant Martí;67;la Vila Olímpica del Poblenou;52;67-52;36589
10;Sant Martí;67;la Vila Olímpica del Poblenou;53;67-53;43365
10;Sant Martí;67;la Vila Olímpica del Poblenou;54;67-54;33711
10;Sant Martí;67;la Vila Olímpica del Poblenou;55;67-55;38321
10;Sant Martí;68;el Poblenou;56;68-56;21716
10;Sant Martí;68;el Poblenou;57;68-57;20915
10;Sant Martí;68;el Poblenou;58;68-58;20724
10;Sant Martí;68;el Poblenou;59;68-59;25824
10;Sant Martí;68;el Poblenou;60;68-60;21788
10;Sant Martí;68;el Poblenou;61;68-61;25562
10;Sant Martí;68;el Poblenou;62;68-62;25865
10;Sant Martí;68;el Poblenou;63;68-63;24791
10;Sant Martí;68;el Poblenou;64;68-64;25599
10;Sant Martí;68;el Poblenou;65;68-65;24501
10;Sant Martí;68;el Poblenou;66;68-66;25017
10;Sant Martí;68;el Poblenou;67;68-67;33246
10;Sant Martí;68;el Poblenou;68;68-68;27299
10;Sant Martí;68;el Poblenou;69;68-69;28727
10;Sant Martí;68;el Poblenou;70;68-70;22579
10;Sant Martí;68;el Poblenou;71;68-71;25650
10;Sant Martí;68;el Poblenou;72;68-72;24115
10;Sant Martí;68;el Poblenou;73;68-73;20321
10;Sant Martí;68;el Poblenou;74;68-74;21205
10;Sant Martí;68;el Poblenou;75;68-75;21575
10;Sant Martí;69;Diagonal Mar i el Front Marítim del Poblenou;76;69-76;25756
10;Sant Martí;69;Diagonal Mar i el Front Marítim del Poblenou;77;69-77;30302
10;Sant Martí;69;Diagonal Mar i el Front Marítim del Poblenou;78;69-78;31377
10;Sant Martí;69;Diagonal Mar i el Front Marítim del Poblenou;79;69-79;25312
10;Sant Martí;69;Diagonal Mar i el Front Marítim del Poblenou;80;69-80;39237
10;Sant Martí;70;el Besòs i el Maresme;81;70-81;16051
10;Sant Martí;70;el Besòs i el Maresme;82;70-82;9306
10;Sant Martí;70;el Besòs i el Maresme;83;70-83;8411
10;Sant Martí;70;el Besòs i el Maresme;84;70-84;11274
10;Sant Martí;70;el Besòs i el Maresme;85;70-85;10446
10;Sant Martí;70;el Besòs i el Maresme;86;70-86;12540
10;Sant Martí;70;el Besòs i el Maresme;87;70-87;12213
10;Sant Martí;70;el Besòs i el Maresme;88;70-88;17836
10;Sant Martí;70;el Besòs i el Maresme;89;70-89;12464
10;Sant Martí;70;el Besòs i el Maresme;90;70-90;14414
10;Sant Martí;70;el Besòs i el Maresme;91;70-91;16492
10;Sant Martí;70;el Besòs i el Maresme;92;70-92;19970
10;Sant Martí;70;el Besòs i el Maresme;93;70-93;21559
10;Sant Martí;71;Provençals del Poblenou;94;71-94;23521
10;Sant Martí;71;Provençals del Poblenou;95;71-95;18586
10;Sant Martí;71;Provençals del Poblenou;96;71-96;24881
10;Sant Martí;71;Provençals del Poblenou;97;71-97;25414
10;Sant Martí;71;Provençals del Poblenou;98;71-98;22994
10;Sant Martí;71;Provençals del Poblenou;99;71-99;15358
10;Sant Martí;71;Provençals del Poblenou;100;71-100;17979
10;Sant Martí;71;Provençals del Poblenou;101;71-101;18795
10;Sant Martí;71;Provençals del Poblenou;102;71-102;17415
10;Sant Martí;71;Provençals del Poblenou;103;71-103;19529
10;Sant Martí;71;Provençals del Poblenou;104;71-104;22536
10;Sant Martí;72;Sant Martí de Provençals;105;72-105;20175
10;Sant Martí;72;Sant Martí de Provençals;106;72-106;19622
10;Sant Martí;72;Sant Martí de Provençals;107;72-107;24372
10;Sant Martí;72;Sant Martí de Provençals;108;72-108;19016
10;Sant Martí;72;Sant Martí de Provençals;109;72-109;17651
10;Sant Martí;72;Sant Martí de Provençals;110;72-110;17443
10;Sant Martí;72;Sant Martí de Provençals;111;72-111;18872
10;Sant Martí;72;Sant Martí de Provençals;112;72-112;23304
10;Sant Martí;72;Sant Martí de Provençals;113;72-113;18774
10;Sant Martí;72;Sant Martí de Provençals;114;72-114;15383
10;Sant Martí;72;Sant Martí de Provençals;115;72-115;17005
10;Sant Martí;72;Sant Martí de Provençals;116;72-116;16518
10;Sant Martí;72;Sant Martí de Provençals;117;72-117;18306
10;Sant Martí;72;Sant Martí de Provençals;118;72-118;23447
10;Sant Martí;72;Sant Martí de Provençals;119;72-119;16371
10;Sant Martí;72;Sant Martí de Provençals;120;72-120;17387
10;Sant Martí;72;Sant Martí de Provençals;121;72-121;16923
10;Sant Martí;72;Sant Martí de Provençals;122;72-122;21756
10;Sant Martí;73;la Verneda i la Pau;123;73-123;19241
10;Sant Martí;73;la Verneda i la Pau;124;73-124;19857
10;Sant Martí;73;la Verneda i la Pau;125;73-125;17171
10;Sant Martí;73;la Verneda i la Pau;126;73-126;18697
10;Sant Martí;73;la Verneda i la Pau;127;73-127;20440
10;Sant Martí;73;la Verneda i la Pau;128;73-128;20793
10;Sant Martí;73;la Verneda i la Pau;129;73-129;20354
10;Sant Martí;73;la Verneda i la Pau;130;73-130;19107
10;Sant Martí;73;la Verneda i la Pau;131;73-131;22828
10;Sant Martí;73;la Verneda i la Pau;132;73-132;16611
10;Sant Martí;73;la Verneda i la Pau;133;73-133;16198
10;Sant Martí;73;la Verneda i la Pau;134;73-134;16332
10;Sant Martí;73;la Verneda i la Pau;135;73-135;16776
10;Sant Martí;73;la Verneda i la Pau;136;73-136;16585
10;Sant Martí;73;la Verneda i la Pau;137;73-137;14903
10;Sant Martí;73;la Verneda i la Pau;138;73-138;12765
10;Sant Martí;73;la Verneda i la Pau;139;73-139;14602
10;Sant Martí;73;la Verneda i la Pau;140;73-140;14617
10;Sant Martí;73;la Verneda i la Pau;141;73-141;15149
10;Sant Martí;73;la Verneda i la Pau;142;73-142;14059
10;Sant Martí;73;la Verneda i la Pau;143;73-143;15366
10;Sant Martí;65;el Clot;234;65-234;20545
10;Sant Martí;69;Diagonal Mar i el Front Marítim del Poblenou;235;69-235;17770
10;Sant Martí;69;Diagonal Mar i el Front Marítim del Poblenou;236;69-236;18651
10;Sant Martí;71;Provençals del Poblenou;237;71-237;16521
